-- Enrichissement scénarios restants partie 3
-- Vente B2B - Marketplace industrielle (PrecisionMetal Pro)
INSERT INTO interlocutors (scenario_id, name, role, personality, communication_style, decision_power, priorities, concerns, motivations, experience) VALUES
('industrial-marketplace', 'Bernard Lecomte', 'Directeur Achats', 'Conservateur et méticuleux, très attaché aux relations fournisseurs', 'Traditionnel et prudent', 'Décideur principal', ARRAY['Qualité produits', 'Relations fournisseurs', 'Coûts maîtrisés'], ARRAY['Changement processus', 'Qualité service', 'Fiabilité plateforme'], ARRAY['Excellence opérationnelle', 'Optimisation coûts', 'Sécurité approvisionnement'], '20 ans achats industriels'),
('industrial-marketplace', 'Stéphanie Moreau', 'Responsable Supply Chain', 'Efficace et orientée innovation, ouverte aux nouvelles solutions', 'Pragmatique et collaborative', 'Influenceuse technique', ARRAY['Efficacité supply chain', 'Innovation processus', 'Performance'], ARRAY['Intégration ERP', 'Formation équipe', 'ROI'], ARRAY['Optimisation flux', 'Innovation continue', 'Excellence opérationnelle'], '12 ans supply chain industrielle');

INSERT INTO products (scenario_id, name, description, pricing_starter, pricing_professional, pricing_enterprise, key_features, competitive_advantages, roi, implementation_time) VALUES
('industrial-marketplace', 'IndustryHub Pro', 'Marketplace B2B spécialisée pour l''industrie métallurgique de précision', '€2,500/mois - 100 commandes/mois', '€7,500/mois - 1000 commandes/mois', '€20,000/mois - Unlimited + services premium', ARRAY['Catalogue spécialisé', 'Intégration ERP native', 'Gestion qualité', 'Traçabilité complète', 'Analytics achats', 'Support dédié'], ARRAY['Spécialisation métallurgie', 'Réseau fournisseurs qualifiés', 'Conformité industrielle', 'Support expert français'], '-20% coûts achats, +30% efficacité, +95% traçabilité', '6-10 semaines avec intégration'),
('industrial-marketplace', 'QualityShield', 'Solution de gestion qualité et conformité intégrée', '€1,200/mois - Contrôle de base', '€3,500/mois - Analytics qualité', '€8,000/mois - Prédictif + consulting', ARRAY['Contrôle qualité automatisé', 'Traçabilité batch', 'Conformité certifications', 'Analytics prédictifs', 'Alertes qualité', 'Reporting'], ARRAY['Automatisation complète', 'Prédictif qualité', 'Conformité garantie', 'Intégration native'], '+99% conformité, -80% défauts, +40% efficacité contrôle', '4-6 semaines');

INSERT INTO swot_analyses (scenario_id, analysis_type, strengths, weaknesses, opportunities, threats) VALUES
('industrial-marketplace', 'market', '{"points": ["Expertise industrielle", "Réseau fournisseurs", "Conformité native", "Support spécialisé"]}', '{"points": ["Marché conservateur", "Cycles longs", "Investissement initial"]}', '{"points": ["Digitalisation industrie", "Optimisation supply chain", "Pénurie fournisseurs"]}', '{"points": ["Résistance changement", "Concurrents établis", "Crise économique"]}');

INSERT INTO stakeholders (scenario_id, name, role, influence, support, concerns, approach) VALUES
('industrial-marketplace', 'Jean-Michel Dubois', 'Directeur Général', 'Très élevée', 'Neutre', ARRAY['ROI', 'Stabilité opérationnelle'], 'Vision stratégique et prudence'),
('industrial-marketplace', 'Caroline Rousseau', 'Directrice Financière', 'Élevée', 'Réservée', ARRAY['Budget', 'ROI mesurable'], 'Justification financière rigoureuse'),
('industrial-marketplace', 'Michel Leroy', 'Responsable IT', 'Moyenne', 'Favorable', ARRAY['Intégration', 'Sécurité'], 'Validation technique et intégration'),
('industrial-marketplace', 'Sylvie Martin', 'Responsable Qualité', 'Moyenne', 'Favorable', ARRAY['Qualité', 'Traçabilité'], 'Excellence qualité et conformité');

-- IoT Industriel Manufacture (MetalCorp Industries)
INSERT INTO interlocutors (scenario_id, name, role, personality, communication_style, decision_power, priorities, concerns, motivations, experience) VALUES
('manufacturing-iot', 'Patrick Rousseau', 'Directeur Production', 'Opérationnel et orienté résultats, très pragmatique', 'Direct et factuel', 'Décideur opérationnel', ARRAY['Productivité', 'Qualité production', 'Réduction arrêts'], ARRAY['Interruption production', 'Complexité technique', 'Formation équipe'], ARRAY['Excellence opérationnelle', 'Productivité maximale', 'Zéro défaut'], '18 ans direction production'),
('manufacturing-iot', 'Nathalie Dubois', 'Responsable Maintenance', 'Technique et préventive, focus sur la fiabilité', 'Méthodique et précise', 'Experte technique', ARRAY['Fiabilité équipements', 'Maintenance prédictive', 'Coûts maintenance'], ARRAY['Fausse alerte', 'Complexité système', 'ROI maintenance'], ARRAY['Fiabilité maximale', 'Prédictif optimal', 'Efficacité maintenance'], '14 ans maintenance industrielle');

INSERT INTO products (scenario_id, name, description, pricing_starter, pricing_professional, pricing_enterprise, key_features, competitive_advantages, roi, implementation_time) VALUES
('manufacturing-iot', 'SmartFactory IoT', 'Solution IoT complète pour optimisation production et maintenance prédictive', '€12,000/mois - 50 capteurs', '€35,000/mois - 200 capteurs + analytics', '€85,000/mois - Unlimited + IA prédictive', ARRAY['Capteurs intelligents', 'Maintenance prédictive', 'Analytics temps réel', 'Dashboard production', 'Alertes intelligentes', 'API complète'], ARRAY['IA prédictive avancée', 'Spécialisation métallurgie', 'Installation rapide', 'ROI prouvé', 'Support 24/7'], '+25% productivité, -60% arrêts non planifiés, -40% coûts maintenance', '8-12 semaines avec installation'),
('manufacturing-iot', 'PredictivePro Engine', 'Moteur d''intelligence artificielle pour maintenance prédictive avancée', '€8,000/mois - Analytics de base', '€20,000/mois - IA prédictive', '€45,000/mois - Suite complète + consulting', ARRAY['IA prédictive propriétaire', 'Analyse vibratoire', 'Thermographie', 'Analytics avancées', 'Recommandations', 'Intégration GMAO'], ARRAY['Précision prédictive', 'Algorithmes propriétaires', 'ROI garanti', 'Expertise industrielle'], '+90% précision prédictions, -75% pannes imprévues', '6-8 semaines');

INSERT INTO swot_analyses (scenario_id, analysis_type, strengths, weaknesses, opportunities, threats) VALUES
('manufacturing-iot', 'product', '{"points": ["Innovation IoT", "IA prédictive avancée", "Expertise industrielle", "ROI prouvé"]}', '{"points": ["Investissement initial", "Complexité technique", "Dépendance capteurs"]}', '{"points": ["Industrie 4.0", "Maintenance prédictive", "Optimisation énergétique"]}', '{"points": ["Concurrents tech", "Cybersécurité IoT", "Évolution technologique"]}');

INSERT INTO stakeholders (scenario_id, name, role, influence, support, concerns, approach) VALUES
('manufacturing-iot', 'Alain Moreau', 'Directeur Général', 'Très élevée', 'Favorable', ARRAY['ROI', 'Compétitivité'], 'Vision stratégique et innovation'),
('manufacturing-iot', 'Sophie Lecomte', 'Directrice Technique', 'Élevée', 'Très favorable', ARRAY['Innovation', 'Performance'], 'Excellence technique et innovation'),
('manufacturing-iot', 'Laurent Dubois', 'Responsable IT', 'Moyenne', 'Neutre', ARRAY['Cybersécurité', 'Intégration'], 'Sécurité et architecture technique'),
('manufacturing-iot', 'Christophe Martin', 'Contrôleur de Gestion', 'Élevée', 'Neutre', ARRAY['Budget', 'ROI'], 'Analyse financière et rentabilité');